,tweet_id,timestamp,text,rating_numerator,rating_denominator,name,stage,p1,p1_conf,p1_dog,p2,p2_conf,p2_dog,p3,p3_conf,p3_dog,retweet_count,favorite_count
7,890240255349198849,2017-07-26 15:59:51,This is Cassie. She is a college pup. Studying international doggo communication and stick theory. 14/10 so elegant much sophisticate https://t.co/t1bfwz5S2A,14,10,Cassie,Doggo,Pembroke,0.511319,True,Cardigan,0.451038,True,Chihuahua,0.0292482,True,7711,32467
11,889531135344209921,2017-07-24 17:02:04,This is Stuart. He's sporting his favorite fanny pack. Secretly filled with bones only. 13/10 puppared puppo #BarkWeek https://t.co/y70o6h3isq,13,10,Stuart,Puppo,Golden Retriever,0.953442,True,Labrador Retriever,0.0138341,True,Redbone,0.00795775,True,2321,15359
23,886366144734445568,2017-07-15 23:25:31,This is Roscoe. Another pupper fallen victim to spontaneous tongue ejections. Get the BlepiPen immediate. 12/10 deep breaths Roscoe https://t.co/RGE08MIJox,12,10,Roscoe,Pupper,French Bulldog,0.999201,True,Chihuahua,0.000361178,True,Boston Bull,7.55616e-05,True,3316,21524
31,884162670584377345,2017-07-09 21:29:42,Meet Yogi. He doesn't have any important dog meetings today he just enjoys looking his best at all times. 12/10 for dangerously dapper doggo https://t.co/YSI00BzTBZ,12,10,Yogi,Doggo,German Shepherd,0.707046,True,Malinois,0.199396,True,Norwegian Elkhound,0.0491476,True,3128,20771
34,883360690899218434,2017-07-07 16:22:55,Meet Grizzwald. He may be the floofiest floofer I ever did see. Lost eyes saving a schoolbus from a volcano erpuption. 13/10 heroic as h*ck https://t.co/rf661IFEYP,13,10,Grizzwald,Floofer,Chow,0.987997,True,Tibetan Mastiff,0.00709872,True,Newfoundland,0.00214033,True,3825,22986
36,882762694511734784,2017-07-06 00:46:41,This is Gus. He's quite the cheeky pupper. Already perfected the disinterested wink. 12/10 would let steal my girl https://t.co/D43I96SlVu,12,10,Gus,Pupper,Labrador Retriever,0.85005,True,Chesapeake Bay Retriever,0.074257,True,Flat-Coated Retriever,0.015579399999999997,True,5134,28903
42,881536004380872706,2017-07-02 15:32:16,"Here is a pupper approaching maximum borkdrive. Zooming at never before seen speeds. 14/10 paw-inspiring af 
(IG: puffie_the_chow) https://t.co/ghXBIIeQZF",14,10,A,Pupper,Samoyed,0.281463,True,Angora,0.272066,False,Persian Cat,0.114854,False,16570,50199
53,878776093423087618,2017-06-25 00:45:22,This is Snoopy. He's a proud #PrideMonthPuppo. Impeccable handwriting for not having thumbs. 13/10 would love back #PrideMonth https://t.co/lNZwgNO4gS,13,10,Snoopy,Puppo,Italian Greyhound,0.734684,True,Whippet,0.15048699999999998,True,Ibizan Hound,0.0397246,True,4319,19763
60,876838120628539392,2017-06-19 16:24:33,This is Ginger. She's having a ruff Monday. Too many pupper things going on. H*ckin exhausting. 12/10 would snug passionately https://t.co/j211oCDRs6,12,10,Ginger,Pupper,Bloodhound,0.575751,True,Redbone,0.24097,True,Tibetan Mastiff,0.08893480000000001,True,3506,21125
66,874296783580663808,2017-06-12 16:06:11,This is Jed. He may be the fanciest pupper in the game right now. Knows it too. 13/10 would sign modeling contract https://t.co/0YplNnSMEm,13,10,Jed,Pupper,Cocker Spaniel,0.437216,True,Miniature Poodle,0.277191,True,Toy Poodle,0.157402,True,4308,26651
67,874012996292530176,2017-06-11 21:18:31,"This is Sebastian. He can't see all the colors of the rainbow, but he can see that this flag makes his human happy. 13/10 #PrideMonth puppo https://t.co/XBE0evJZ6V",13,10,Sebastian,Puppo,Cardigan,0.806674,True,Pembroke,0.116622,True,Kelpie,0.0491819,True,11007,35501
69,873213775632977920,2017-06-09 16:22:42,"This is Sierra. She's one precious pupper. Absolute 12/10. Been in and out of ICU her whole life. Help Sierra below

https://t.co/Xp01EU3qyD https://t.co/V5lkvrGLdQ",12,10,Sierra,Pupper,Vizsla,0.6197819999999999,True,Bloodhound,0.338069,True,Chesapeake Bay Retriever,0.0126763,True,1667,7467
74,871762521631449091,2017-06-05 16:15:56,This is Rover. As part of pupper protocol he had to at least attempt to eat the plant. Confirmed not tasty. Needs peanut butter. 12/10 https://t.co/AiVljI6QCg,12,10,Rover,Pupper,Labrador Retriever,0.921393,True,Golden Retriever,0.064608,True,Bloodhound,0.00338337,True,3678,20787
75,871515927908634625,2017-06-04 23:56:03,This is Napolean. He's a Raggedy East Nicaraguan Zoom Zoom. Runs on one leg. Built for deception. No eyes. Good with kids. 12/10 great doggo https://t.co/PR7B7w1rUw,12,10,Napolean,Doggo,Komondor,0.974781,True,Briard,0.0200413,True,Swab,0.00322824,False,3628,20730
83,869596645499047938,2017-05-30 16:49:31,This is Scout. He just graduated. Officially a doggo now. Have fun with taxes and losing sight of your ambitions. 12/10 would throw cap for https://t.co/DsA2hwXAJo,12,10,Scout,Doggo,Chihuahua,0.955156,True,Toy Terrier,0.00805373,True,Muzzle,0.00629563,False,3327,16476
88,867421006826221569,2017-05-24 16:44:18,This is Shikha. She just watched you drop a skittle on the ground and still eat it. Could not be less impressed. 12/10 superior puppo https://t.co/XZlZKd73go,12,10,Shikha,Puppo,Eskimo Dog,0.6164569999999999,True,Siberian Husky,0.38133,True,Malamute,0.00167022,True,2697,16755
90,866450705531457537,2017-05-22 00:28:40,"This is Jamesy. He gives a kiss to every other pupper he sees on his walk. 13/10 such passion, much tender https://t.co/wk7TfysWHr",13,10,Jamesy,Pupper,French Bulldog,0.905334,True,Boston Bull,0.0780597,True,Pug,0.00177092,True,32883,106827
132,851953902622658560,2017-04-12 00:23:33,RT @dog_rates: This is Astrid. She's a guide doggo in training. 13/10 would follow anywhere https://t.co/xo7FZFIAao,13,10,Astrid,Doggo,Staffordshire Bullterrier,0.757547,True,American Staffordshire Terrier,0.14995,True,Chesapeake Bay Retriever,0.0475227,True,10706,0
138,850019790995546112,2017-04-06 16:18:05,Say hello to Boomer. He's a sandy pupper. Having a h*ckin blast. 12/10 would pet passionately https://t.co/ecb3LvExde,12,10,Boomer,Pupper,Shetland Sheepdog,0.759907,True,Collie,0.107405,True,Pembroke,0.052335300000000015,True,5459,21944
149,846514051647705089,2017-03-28 00:07:32,This is Barney. He's an elder doggo. Hitches a ride when he gets tired. Waves goodbye before he leaves. 13/10 please come back soon https://t.co/cFAasDXauK,13,10,Barney,Doggo,Golden Retriever,0.650003,True,Leonberg,0.0651992,True,Norfolk Terrier,0.0529553,True,13076,48410
152,845397057150107648,2017-03-24 22:08:59,"Say hello to Mimosa. She's an emotional support doggo who helps her owner with PTSD. 13/10, but she needs your help

https://t.co/L6mLzrd7Mx https://t.co/jMutBFdw5o",13,10,Mimosa,Doggo,Dandie Dinmont,0.394404,True,Maltese Dog,0.186537,True,West Highland White Terrier,0.181985,True,2072,8241
153,845306882940190720,2017-03-24 16:10:40,This is Pickles. She's a silly pupper. Thinks she's a dish. 12/10 would dry https://t.co/7mPCF4ZwEk,12,10,Pickles,Pupper,Irish Water Spaniel,0.567475,True,Labrador Retriever,0.169496,True,Curly-Coated Retriever,0.101518,True,6039,25225
183,837110210464448512,2017-03-02 01:20:01,This is Clark. He passed pupper training today. Round of appaws for Clark. 13/10 https://t.co/7pUjwe8X6B,13,10,Clark,Pupper,Siberian Husky,0.767696,True,Eskimo Dog,0.217079,True,Malamute,0.0116568,True,2731,17480
185,836753516572119041,2017-03-01 01:42:39,This is Meera. She just heard about taxes and how much a doghouse in a nice area costs. Not pupared to be a  doggo anymore. 12/10 https://t.co/GZmNEdyoJY,12,10,Meera,Doggo,Mortarboard,0.936882,False,Academic Gown,0.0208154,False,Schipperke,0.0115635,True,5237,21029
187,836380477523124226,2017-02-28 01:00:19,"This is Ava. She just blasted off. Streamline af. Aerodynamic as h*ck. One small step for pupper, one giant leap for pupkind. 12/10 https://t.co/W4KffrdX3Q",12,10,Ava,Pupper,Wooden Spoon,0.08248860000000001,False,Sliding Door,0.0610165,False,Grand Piano,0.0550861,False,3337,16037
202,833124694597443584,2017-02-19 01:23:00,This is Gidget. She's a spy pupper. Stealthy as h*ck. Must've slipped pup and got caught. 12/10 would forgive then pet https://t.co/zD97KYFaFa,12,10,Gidget,Pupper,Cardigan,0.7105229999999999,True,Kelpie,0.106102,True,Shopping Cart,0.0554755,False,5513,22133
203,832998151111966721,2017-02-18 17:00:10,"This is Rhino. He arrived at a shelter with an elaborate doggo manual for his new family, written by someone who will always love him. 13/10 https://t.co/QX1h0oqMz0",13,10,Rhino,Doggo,Boxer,0.539036,True,French Bulldog,0.317617,True,Bull Mastiff,0.0939285,True,2522,14549
208,832273440279240704,2017-02-16 17:00:25,Say hello to Smiley. He's a blind therapy doggo having a h*ckin blast high steppin around in the snow. 14/10 would follow anywhere https://t.co/SHAb1wHjMz,14,10,Smiley,Doggo,Pembroke,0.134081,True,Ice Bear,0.0519278,False,Pug,0.0443109,True,2673,12385
211,832032802820481025,2017-02-16 01:04:13,"This is Miguel. He was the only remaining doggo at the adoption center after the weekend. Let's change that. 12/10

https://t.co/P0bO8mCQwN https://t.co/SU4K34NT4M",12,10,Miguel,Doggo,Whippet,0.601712,True,Ibizan Hound,0.152662,True,Italian Greyhound,0.135055,True,4746,13887
212,831939777352105988,2017-02-15 18:54:34,This is Emanuel. He's a h*ckin rare doggo. Dwells in a semi-urban environment. Round features make him extra collectible. 12/10 would so pet https://t.co/k9bzgyVdUT,12,10,Emanuel,Doggo,Pomeranian,0.153862,True,Marmot,0.0912339,False,Grey Fox,0.0906441,False,7031,26404
216,831322785565769729,2017-02-14 02:02:51,This is Pete. He has no eyes. Needs a guide doggo. Also appears to be considerably fluffy af. 12/10 would hug softly https://t.co/Xc0gyovCtK,12,10,Pete,Doggo,Old English Sheepdog,0.999715,True,Tibetan Terrier,4.62967e-05,True,Guinea Pig,4.118430000000001e-05,False,1744,10042
222,829878982036299777,2017-02-10 02:25:42,RT @dog_rates: This is Loki. He smiles like Elvis. Ain't nothin but a hound doggo. 12/10 https://t.co/QV5nx6otZR,12,10,Loki,Doggo,Golden Retriever,0.6173890000000001,True,Labrador Retriever,0.33705300000000005,True,Tennis Ball,0.00855442,False,5757,0
225,829374341691346946,2017-02-08 17:00:26,This is Astrid. She's a guide doggo in training. 13/10 would follow anywhere https://t.co/xo7FZFIAao,13,10,Astrid,Doggo,Staffordshire Bullterrier,0.757547,True,American Staffordshire Terrier,0.14995,True,Chesapeake Bay Retriever,0.0475227,True,10706,38074
233,828381636999917570,2017-02-05 23:15:47,Meet Doobert. He's a deaf doggo. Didn't stop him on the field tho. Absolute legend today. 14/10 would pat head approvingly https://t.co/iCk7zstRA9,14,10,Doobert,Doggo,Bedlington Terrier,0.392535,True,Labrador Retriever,0.0890217,True,Clumber,0.0817998,True,2554,13864
238,827933404142436356,2017-02-04 17:34:40,This is Kona. Yesterday she stopped by the department to see what it takes to be a police pupper. 12/10 vest was only a smidge too big https://t.co/j8D3PQJvpJ,12,10,Kona,Pupper,German Shepherd,0.8061149999999999,True,Tibetan Mastiff,0.104831,True,Kelpie,0.0381482,True,5987,22180
243,826958653328592898,2017-02-02 01:01:21,This is Loki. He smiles like Elvis. Ain't nothin but a hound doggo. 12/10 https://t.co/QV5nx6otZR,12,10,Loki,Doggo,Golden Retriever,0.6173890000000001,True,Labrador Retriever,0.33705300000000005,True,Tennis Ball,0.00855442,False,5757,23767
244,826848821049180160,2017-02-01 17:44:55,This is Cupid. He was found in the trash. Now he's well on his way to prosthetic front legs and a long happy doggo life. 13/10 heroic af https://t.co/WS0Gha8vRh,13,10,Cupid,Doggo,Great Pyrenees,0.858764,True,Golden Retriever,0.0235257,True,Pekinese,0.017103900000000002,True,11878,40325
246,826476773533745153,2017-01-31 17:06:32,This is Pilot. He has mastered the synchronized head tilt and sneaky tongue slip. Usually not unlocked until later doggo days. 12/10 https://t.co/YIV8sw8xkh,12,10,Pilot,Doggo,German Shepherd,0.7418600000000001,True,Tibetan Mastiff,0.122812,True,Kelpie,0.10046,True,4821,20275
251,825026590719483904,2017-01-27 17:04:02,"Say hello to Pablo. He's one gorgeous puppo. A true 12/10. Click the link to see why Pablo requests your assistance

https://t.co/koHvVQp9bL https://t.co/IhW0JKf7kc",12,10,Pablo,Puppo,Eskimo Dog,0.524454,True,Siberian Husky,0.467678,True,Malamute,0.00497584,True,1483,7020
264,822462944365645825,2017-01-20 15:17:01,"This is Gabe. He was the unequivocal embodiment of a dream meme, but also one h*ck of a pupper. You will be missed by so many. 14/10 RIP https://t.co/M3hZGadUuO",14,10,Gabe,Pupper,Pomeranian,0.960199,True,Samoyed,0.0230563,True,Maltese Dog,0.00894488,True,17209,31800
267,821765923262631936,2017-01-18 17:07:18,This is Duchess. She uses dark doggo forces to levitate her toys. 13/10 magical af https://t.co/maDNMETA52,13,10,Duchess,Doggo,Golden Retriever,0.980071,True,Labrador Retriever,0.00875751,True,Saluki,0.00180595,True,1899,9317
269,821407182352777218,2017-01-17 17:21:47,This is Sundance. He's a doggo drummer. Even sings a bit on the side. 14/10 entertained af (vid by @sweetsundance) https://t.co/Xn5AQtiqzG,14,10,Sundance,Doggo,Irish Setter,0.5054960000000001,True,Vizsla,0.168747,True,Chesapeake Bay Retriever,0.111311,True,5053,13075
274,819952236453363712,2017-01-13 17:00:21,"This is Oliver. He has dreams of being a service puppo so he can help his owner. 13/10 selfless af

make it happen:
https://t.co/f5WMsx0a9K https://t.co/6lJz0DKZIb",13,10,Oliver,Puppo,American Staffordshire Terrier,0.925505,True,Staffordshire Bullterrier,0.0362215,True,Italian Greyhound,0.020411900000000004,True,1369,5927
279,819015337530290176,2017-01-11 02:57:27,RT @dog_rates: This is Bo. He was a very good First Doggo. 14/10 would be an absolute honor to pet https://t.co/AdPKrI8BZ1,14,10,Bo,Doggo,Standard Poodle,0.351308,True,Toy Poodle,0.271929,True,Tibetan Terrier,0.0947592,True,42228,0
280,819015331746349057,2017-01-11 02:57:26,RT @dog_rates: This is Sunny. She was also a very good First Doggo. 14/10 would also be an absolute honor to pet https://t.co/YOC1fHFCSb,14,10,Sunny,Doggo,Prison,0.907083,False,Palace,0.0200891,False,Umbrella,0.00784954,False,21794,0
281,819006400881917954,2017-01-11 02:21:57,This is Sunny. She was also a very good First Doggo. 14/10 would also be an absolute honor to pet https://t.co/YOC1fHFCSb,14,10,Sunny,Doggo,Prison,0.907083,False,Palace,0.0200891,False,Umbrella,0.00784954,False,21794,49960
282,819004803107983360,2017-01-11 02:15:36,This is Bo. He was a very good First Doggo. 14/10 would be an absolute honor to pet https://t.co/AdPKrI8BZ1,14,10,Bo,Doggo,Standard Poodle,0.351308,True,Toy Poodle,0.271929,True,Tibetan Terrier,0.0947592,True,42228,95450
285,818588835076603904,2017-01-09 22:42:41,RT @dog_rates: This is Chelsea. She forgot how to dog. 11/10 get it together pupper https://t.co/nBJ5RE4yHb,11,10,Chelsea,Pupper,Norwegian Elkhound,0.372202,True,Chesapeake Bay Retriever,0.13718699999999998,True,Malamute,0.07143619999999999,True,7126,0
290,817777686764523521,2017-01-07 16:59:28,"This is Dido. She's playing the lead role in ""Pupper Stops to Catch Snow Before Resuming Shadow Box with Dried Apple."" 13/10 (IG: didodoggo) https://t.co/m7isZrOBX7",13,10,Dido,DoggoPupper,Curly-Coated Retriever,0.733256,True,Flat-Coated Retriever,0.214145,True,Irish Water Spaniel,0.029769,True,3084,11901
296,816829038950027264,2017-01-05 02:09:53,RT @dog_rates: This is Betty. She's assisting with the dishes. Such a good puppo. 12/10 h*ckin helpful af https://t.co/dgvTPZ9tgI,12,10,Betty,Puppo,Dishwasher,0.700466,False,Golden Retriever,0.245773,True,Chow,0.0390117,True,5496,0
306,814986499976527872,2016-12-31 00:08:17,This is Cooper. Someone attacked him with a sharpie. Poor pupper. 11/10 nifty tongue slip tho https://t.co/01vpuRDXQ8,11,10,Cooper,Pupper,Dalmatian,0.999828,True,Boxer,6.78061e-05,True,American Staffordshire Terrier,3.42436e-05,True,1505,8485
311,813910438903693312,2016-12-28 00:52:25,This is Chubbs. He dug a hole and now he's stuck in it. Dang h*ckin doggo. 11/10 would assist https://t.co/z1VRj1cYZf,11,10,Chubbs,Doggo,Siberian Husky,0.6993550000000001,True,Eskimo Dog,0.256433,True,Norwegian Elkhound,0.0131888,True,2194,10342
318,813096984823349248,2016-12-25 19:00:02,This is Rocky. He got triple-doggo-dared. Stuck af. 11/10 someone help him https://t.co/soNL00XWVu,11,10,Rocky,Doggo,Great Dane,0.128056,True,Boston Bull,0.117003,True,Kelpie,0.08696430000000001,True,4207,11694
329,811386762094317568,2016-12-21 01:44:13,This is Craig. That's actually a normal sized fence he's stuck on. H*ckin massive pupper. 11/10 someone help him https://t.co/aAUXzoxaBy,11,10,Craig,Pupper,Pembroke,0.804177,True,Cardigan,0.18989,True,Beagle,0.00196475,True,7444,23302
342,807621403335917568,2016-12-10 16:22:02,This is Ollie Vue. He was a 3 legged pupper on a mission to overcome everything. This is very hard to write. 14/10 we will miss you Ollie https://t.co/qTRY2qX9y4,14,10,Ollie,Pupper,Golden Retriever,0.873233,True,Cocker Spaniel,0.0336933,True,Chow,0.0204084,True,4288,16236
358,803773340896923648,2016-11-30 01:31:12,This is Diogi. He fell in the pool as soon as he was brought home. Clumsy puppo. 12/10 would pet until dry https://t.co/ZxeRjMKaWt,12,10,Diogi,Puppo,Miniature Pinscher,0.817066,True,Redbone,0.0597065,True,Irish Terrier,0.0341952,True,3220,11203
364,802239329049477120,2016-11-25 19:55:35,This is Loki. He'll do your taxes for you. Can also make room in your budget for all the things you bought today. 12/10 what a puppo https://t.co/5oWrHCWg87,12,10,Loki,Puppo,Eskimo Dog,0.482498,True,Siberian Husky,0.335774,True,Malamute,0.134589,True,3040,10132
368,801115127852503040,2016-11-22 17:28:25,This is Bones. He's being haunted by another doggo of roughly the same size. 12/10 deep breaths pupper everything's fine https://t.co/55Dqe0SJNj,12,10,Bones,DoggoPupper,Dalmatian,0.823356,True,English Setter,0.0946019,True,Bluetick,0.0219534,True,2429,8992
371,800443802682937345,2016-11-20 21:00:48,RT @dog_rates: This is Sampson. He's about to get hit with a vicious draw 2. Has no idea. 11/10 poor pupper https://t.co/FYT9QBEnKG,11,10,Sampson,Pupper,Mousetrap,0.777468,False,Black Widow,0.0939402,False,Paddlewheel,0.0174919,False,5068,0
372,800388270626521089,2016-11-20 17:20:08,This is Doc. He takes time out of every day to worship our plant overlords. 12/10 quite the floofer https://t.co/azMneS6Ly5,12,10,Doc,Floofer,Golden Retriever,0.35986,True,Pembroke,0.194207,True,Collie,0.154603,True,3265,12456
375,799757965289017345,2016-11-18 23:35:32,This is Sobe. She's a h*ckin happy doggo. Only one leg tho. Must have good balance. 13/10 would smile back https://t.co/OiH8PaOxB1,13,10,Sobe,Doggo,Border Collie,0.442534,True,Collie,0.288684,True,Shetland Sheepdog,0.196399,True,2506,9390
401,794205286408003585,2016-11-03 15:51:10,This is Laika. She was a space pupper. The first space pupper actually. Orbited earth like a h*ckin boss. 14/10 hero af https://t.co/trSjgY3h4g,14,10,Laika,Pupper,Pedestal,0.66266,False,Fountain,0.294827,False,Brass,0.0203711,False,3895,10314
411,793195938047070209,2016-10-31 21:00:23,Say hello to Lily. She's pupset that her costume doesn't fit as well as last year. 12/10 poor puppo https://t.co/YSi6K1firY,12,10,Lily,Puppo,Labrador Retriever,0.654762,True,Golden Retriever,0.0741,True,Chihuahua,0.0423393,True,6547,17063
425,790946055508652032,2016-10-25 16:00:09,This is Betty. She's assisting with the dishes. Such a good puppo. 12/10 h*ckin helpful af https://t.co/dgvTPZ9tgI,12,10,Betty,Puppo,Dishwasher,0.700466,False,Golden Retriever,0.245773,True,Chow,0.0390117,True,5496,18601
443,787717603741622272,2016-10-16 18:11:26,This is Tonks. She is a service puppo. Can hear a caterpillar hiccup from 7 miles away. 13/10 would follow anywhere https://t.co/i622ZbWkUp,13,10,Tonks,Puppo,German Shepherd,0.992339,True,Malinois,0.00492039,True,Kelpie,0.0008528019999999999,True,3240,11416
449,786363235746385920,2016-10-13 00:29:39,This is Rizzo. He has many talents. A true renaissance doggo. 13/10 entertaining af https://t.co/TVXpEJB7Wn,13,10,Rizzo,Doggo,Golden Retriever,0.929266,True,Labrador Retriever,0.0628667,True,Saluki,0.00215669,True,4072,12189
454,785639753186217984,2016-10-11 00:34:48,This is Pinot. He's a sophisticated doggo. You can tell by the hat. Also pointier than your average pupper. Still 10/10 would pet cautiously https://t.co/f2wmLZTPHd,10,10,Pinot,DoggoPupper,Porcupine,0.978042,False,Sea Urchin,0.0061063,False,Echidna,0.00544197,False,2561,8735
470,782747134529531904,2016-10-03 01:00:34,This is Deacon. He's the happiest almost dry doggo I've ever seen. 11/10 would smile back https://t.co/C6fUMnHt1H,11,10,Deacon,Doggo,Golden Retriever,0.560699,True,Otterhound,0.199482,True,Clumber,0.0406818,True,1604,8310
473,782305867769217024,2016-10-01 19:47:08,This is Sampson. He just graduated. Ready to be a doggo now. Time for the real world. 12/10 have fun with taxes https://t.co/pgVKxRw0s1,12,10,Sampson,Doggo,Briard,0.5044270000000001,True,Soft-Coated Wheaten Terrier,0.390678,True,Lhasa,0.0345955,True,6470,18630
491,778027034220126208,2016-09-20 00:24:34,This is Sophie. She's a Jubilant Bush Pupper. Super h*ckin rare. Appears at random just to smile at the locals. 11.27/10 would smile back https://t.co/QFaUiIHxHq,27,10,Sophie,Pupper,Clumber,0.946718,True,Cocker Spaniel,0.0159499,True,Lhasa,0.00651911,True,1885,7320
497,776477788987613185,2016-09-15 17:48:25,This is Huck. He's addicted to caffeine. Hope it's not too latte to seek help. 11/10 stay strong pupper https://t.co/iJE3F0VozW,11,10,Huck,Pupper,Labrador Retriever,0.8848389999999999,True,Chesapeake Bay Retriever,0.0575651,True,Paintbrush,0.00576608,False,3249,9858
499,776113305656188928,2016-09-14 17:40:06,This is Sampson. He's about to get hit with a vicious draw 2. Has no idea. 11/10 poor pupper https://t.co/FYT9QBEnKG,11,10,Sampson,Pupper,Mousetrap,0.777468,False,Black Widow,0.0939402,False,Paddlewheel,0.0174919,False,5068,13102
501,775733305207554048,2016-09-13 16:30:07,This is Anakin. He strives to reach his full doggo potential. Born with blurry tail tho. 11/10 would still pet well https://t.co/9CcBSxCXXG,11,10,Anakin,Doggo,Long-Horned Beetle,0.6138520000000001,False,Ox,0.0294728,False,Rhinoceros Beetle,0.0278061,False,4627,15413
502,775364825476165632,2016-09-12 16:05:54,This is Finley. He's an independent doggo still adjusting to life on his own. 11/10 https://t.co/7FNcBaKbci,11,10,Finley,Doggo,Beagle,0.571229,True,Chihuahua,0.175257,True,Pembroke,0.034306300000000005,True,3472,8295
506,773985732834758656,2016-09-08 20:45:53,Meet Winnie. She just made awkward eye contact with the driver beside her. Poor pupper panicked. 11/10 would comfort https://t.co/RFWtDqTnAz,11,10,Winnie,Pupper,Giant Panda,0.451149,False,Fur Coat,0.148001,False,Pug,0.10957,True,4492,11925
510,773547596996571136,2016-09-07 15:44:53,This is Chelsea. She forgot how to dog. 11/10 get it together pupper https://t.co/nBJ5RE4yHb,11,10,Chelsea,Pupper,Norwegian Elkhound,0.372202,True,Chesapeake Bay Retriever,0.13718699999999998,True,Malamute,0.07143619999999999,True,7126,24553
517,772193107915964416,2016-09-03 22:02:38,This is Willem. He's a Penn State pupper. Thinks the hood makes him more intimidating. It doesn't. 12/10 https://t.co/Dp0s7MRIHK,12,10,Willem,Pupper,Pembroke,0.367945,True,Chihuahua,0.223522,True,Pekinese,0.164871,True,1612,6665
532,770093767776997377,2016-08-29 03:00:36,RT @dog_rates: This is just downright precious af. 12/10 for both pupper and doggo https://t.co/o5J479bZUC,12,10,Just,DoggoPupper,Golden Retriever,0.843799,True,Labrador Retriever,0.0529559,True,Kelpie,0.0357111,True,3520,0
542,768193404517830656,2016-08-23 21:09:14,Meet Gerald. He's a fairly exotic doggo. Floofy af. Inadequate knees tho. Self conscious about large forehead. 8/10 https://t.co/WmczvjCWJq,8,10,Gerald,Doggo,Lion,0.396984,False,Ram,0.30085100000000004,False,Cheetah,0.094474,False,4080,12157
557,765371061932261376,2016-08-16 02:14:15,This is Louie. He's had a long day. Did a lot of pupper things. Also appears to be rather heckin pettable. 11/10 https://t.co/w2qDmoTIZ5,11,10,Louie,Pupper,Golden Retriever,0.829456,True,Labrador Retriever,0.08937089999999999,True,Kuvasz,0.0170275,True,2475,7842
574,760893934457552897,2016-08-03 17:43:45,This is Wishes. He has the day off. Daily struggles of being a doggo have finally caught up with him. 11/10 https://t.co/H9YgrUkYwa,11,10,Wishes,Doggo,Blenheim Spaniel,0.113992,True,Cocker Spaniel,0.10578,True,Borzoi,0.0739345,True,1104,4228
582,759793422261743616,2016-07-31 16:50:42,"Meet Maggie &amp; Lila. Maggie is the doggo, Lila is the pupper. They are sisters. Both 12/10 would pet at the same time https://t.co/MYwR4DQKll",12,10,Maggie,DoggoPupper,Golden Retriever,0.985876,True,Labrador Retriever,0.00194777,True,Kuvasz,0.00175174,True,2173,6620
599,756939218950160384,2016-07-23 19:49:07,This is Jax. He is a majestic mountain pupper. Thinks flat ground is for the weak. 12/10 would totally hike with https://t.co/KGdeHuFJnH,12,10,Jax,Pupper,Golden Retriever,0.790371,True,Cocker Spaniel,0.130268,True,Labrador Retriever,0.0646287,True,2295,7342
601,755206590534418437,2016-07-19 01:04:16,This is one of the most inspirational stories I've ever come across. I have no words. 14/10 for both doggo and owner https://t.co/I5ld3eKD5k,14,10,One,Doggo,Web Site,0.906673,False,Printer,0.00860027,False,Carton,0.00453319,False,6148,18212
620,751132876104687617,2016-07-07 19:16:47,This is Cooper. He's just so damn happy. 10/10 what's your secret puppo? https://t.co/yToDwVXEpA,10,10,Cooper,Puppo,Labrador Retriever,0.92939,True,Chesapeake Bay Retriever,0.0382535,True,Golden Retriever,0.0076102,True,1480,5610
621,750868782890057730,2016-07-07 01:47:22,Meet Milo. He hauled ass until he ran out of treadmill and then passed out from exhaustion. 11/10 sleep tight pupper https://t.co/xe1aGZNkcC,11,10,Milo,Pupper,Toy Poodle,0.912648,True,Miniature Poodle,0.0350592,True,Seat Belt,0.0263756,False,1595,5306
623,750506206503038976,2016-07-06 01:46:38,This is Malcolm. He's absolutely terrified of heights. 8/10 hang in there pupper https://t.co/SVU00Sc9U2,8,10,Malcolm,Pupper,American Black Bear,0.219166,False,Lesser Panda,0.214715,False,Titi,0.0916851,False,1316,4934
625,750383411068534784,2016-07-05 17:38:41,This is Zoe. She was trying to stealthily take a picture of you but you just noticed. 9/10 not so sneaky pupper https://t.co/FfH3o88Vta,9,10,Zoe,Pupper,Border Collie,0.672791,True,Collie,0.270188,True,Papillon,0.0345039,True,1309,5005
633,750011400160841729,2016-07-04 17:00:26,Meet Piper. She's an airport doggo. Please return your tray table to its full pupright and locked position. 11/10 https://t.co/D17IAcetmM,11,10,Piper,Doggo,Muzzle,0.23762,False,Boston Bull,0.0871498,True,Sombrero,0.0685099,False,1035,3568
637,749417653287129088,2016-07-03 01:41:06,This is Finn. He's the most unphotogenic pupper of all time. 11/10 https://t.co/qvA2rCUl6v,11,10,Finn,Pupper,Papillon,0.772894,True,Shetland Sheepdog,0.0424076,True,Collie,0.0423131,True,1904,6721
639,749317047558017024,2016-07-02 19:01:20,This is Blu. He's a wild bush Floofer. I wish anything made me as happy as bushes make Blu. 12/10 would frolic with https://t.co/HHUAnBb6QB,12,10,Blu,Floofer,Wire-Haired Fox Terrier,0.155144,True,Lakeland Terrier,0.108382,True,Buckeye,0.0746167,False,2509,6076
643,748932637671223296,2016-07-01 17:33:49,Say hello to Divine Doggo. Must be magical af. 13/10 would be an honor to pet https://t.co/BbcABzohKb,13,10,Divine,Doggo,Borzoi,0.742912,True,Wire-Haired Fox Terrier,0.204082,True,English Setter,0.0210323,True,2564,6461
645,748692773788876800,2016-07-01 01:40:41,That is Quizno. This is his beach. He does not tolerate human shenanigans on his beach. 10/10 reclaim ur land doggo https://t.co/vdr7DaRSa7,10,10,His,Doggo,Ox,0.337871,False,Plow,0.269287,False,Oxcart,0.245653,False,1504,4659
663,745433870967832576,2016-06-22 01:50:58,This is Lenox. She's in a wheelbarrow. Silly doggo. You don't belong there. 10/10 would push around https://t.co/oYbVR4nBsR,10,10,Lenox,Doggo,Barrow,0.999962,False,Basset,1.44895e-05,True,Wok,6.060880000000002e-06,False,2894,7824
667,744995568523612160,2016-06-20 20:49:19,This is Abby. She got her face stuck in a glass. Churlish af. 9/10 rookie move puppo https://t.co/2FPb45NXrK,9,10,Abby,Puppo,Old English Sheepdog,0.4274810000000001,True,Shih-Tzu,0.146336,True,Tibetan Terrier,0.134269,True,716,3277
676,743253157753532416,2016-06-16 01:25:36,"This is Kilo. He cannot reach the snackum. Nifty tongue, but not nifty enough. 10/10 maybe one day puppo https://t.co/gSmp31Zrsx",10,10,Kilo,Puppo,Malamute,0.442612,True,Siberian Husky,0.368137,True,Eskimo Dog,0.177822,True,1366,4624
677,743222593470234624,2016-06-15 23:24:09,This is a very rare Great Alaskan Bush Pupper. Hard to stumble upon without spooking. 12/10 would pet passionately https://t.co/xOBKCdpzaa,12,10,A,Pupper,Kuvasz,0.350629,True,Soft-Coated Wheaten Terrier,0.182782,True,Golden Retriever,0.08766239999999999,True,2164,6792
683,742150209887731712,2016-06-13 00:22:53,This is Edmund. He sends stellar selfies. Cute af. 8/10 would totally snapchat with this pupper https://t.co/PprXoqZuKY,8,10,Edmund,Pupper,Siamese Cat,0.112413,False,French Bulldog,0.07141439999999999,True,Hog,0.0624654,False,1783,5661
684,741743634094141440,2016-06-11 21:27:17,Meet Aqua. She's a sandy pupper. Not sure how she feels about being so sandy. Radical tongue slip. 11/10 petable af https://t.co/rYxJ0UQtbE,11,10,Aqua,Pupper,Labrador Retriever,0.786089,True,Flat-Coated Retriever,0.0486524,True,Chesapeake Bay Retriever,0.0346933,True,3144,8945
687,741067306818797568,2016-06-10 00:39:48,This is just downright precious af. 12/10 for both pupper and doggo https://t.co/o5J479bZUC,12,10,Just,DoggoPupper,Golden Retriever,0.843799,True,Labrador Retriever,0.0529559,True,Kelpie,0.0357111,True,3520,10342
690,740676976021798912,2016-06-08 22:48:46,"Meet Baloo. He's expecting a fast ground ball, hence the wide stance. Prepared af. 11/10 nothing runs like a pupper https://t.co/sMbMw5Z2XC",11,10,Baloo,Pupper,Wombat,0.462952,False,Norwegian Elkhound,0.275225,True,Siamese Cat,0.0435593,False,7724,19881
696,739606147276148736,2016-06-05 23:53:41,Meet Benji. He just turned 1. Has already given up on a traditional pupper physique. Just inhaled that thing. 9/10 https://t.co/sLUC4th3Zj,9,10,Benji,Pupper,Blenheim Spaniel,0.933755,True,Cocker Spaniel,0.0417194,True,Brittany Spaniel,0.00671256,True,1876,5897
699,738537504001953792,2016-06-03 01:07:16,This is Bayley. She fell asleep trying to escape her evil fence enclosure. 11/10 night night puppo https://t.co/AxSiqAKEKu,11,10,Bayley,Puppo,Chow,0.808737,True,Gibbon,0.028942400000000007,False,Pembroke,0.026497900000000005,True,1759,5575
706,736365877722001409,2016-05-28 01:18:00,This is Rory. He's extremely impatient. 11/10 settle down pupper https://t.co/e3tfXJLi40,11,10,Rory,Pupper,Cup,0.473555,False,Toy Poodle,0.082606,True,Consomme,0.048298,False,1408,4367
710,735256018284875776,2016-05-24 23:47:49,This is Kellogg. He accidentally opened the front facing camera. 8/10 get it together doggo https://t.co/MRYv7nDPyS,8,10,Kellogg,Doggo,Staffordshire Bullterrier,0.523191,True,French Bulldog,0.351104,True,Doormat,0.0280753,False,993,3675
711,735137028879360001,2016-05-24 15:55:00,Meet Buckley. His family &amp; some neighbors came over to watch him perform but he's nervous af. 9/10 u got this pupper https://t.co/5bdCpPlno9,9,10,Buckley,Pupper,Walker Hound,0.413535,True,Beagle,0.233891,True,English Foxhound,0.164943,True,1092,3428
715,733822306246479872,2016-05-21 00:50:46,This is Moose. He's a Polynesian Floofer. Dapper af. 10/10 would pet diligently https://t.co/mVfqRdppTL,10,10,Moose,Floofer,Lhasa,0.457356,True,Shih-Tzu,0.371282,True,Tibetan Terrier,0.048359,True,1141,4015
719,732375214819057664,2016-05-17 01:00:32,This is Kyle (pronounced 'Mitch'). He strives to be the best doggo he can be. 11/10 would pat on head approvingly https://t.co/aA2GiTGvlE,11,10,Kyle,Doggo,Tennis Ball,0.998673,False,Basset,0.000547053,True,Golden Retriever,0.00035998,True,2838,8832
724,730573383004487680,2016-05-12 01:40:42,This is Rooney. He can't comprehend glass. 10/10 it'll be ok pupper https://t.co/CnUl2uDBBV,10,10,Rooney,Pupper,American Staffordshire Terrier,0.810158,True,Labrador Retriever,0.058204999999999986,True,Weimaraner,0.027929500000000003,True,2435,5407
737,728035342121635841,2016-05-05 01:35:26,This is all I want in my life. 12/10 for super sleepy pupper https://t.co/4RlLA5ObMh,12,10,All,Pupper,Handkerchief,0.30296100000000004,False,Pomeranian,0.248664,True,Shih-Tzu,0.111015,True,1872,4953
738,728015554473250816,2016-05-05 00:16:48,This is Rueben. He has reached ultimate pupper zen state. 11/10 tranquil af https://t.co/Z167HgtnBi,11,10,Rueben,Pupper,Cocker Spaniel,0.384559,True,Golden Retriever,0.091661,True,Sandbar,0.0817989,False,1219,4479
745,725786712245440512,2016-04-28 20:40:11,Say hello to Lillie. She's a Rutabagan Floofem. Poor pupper ate and then passed out. 11/10 relatable af https://t.co/uIdGqug9rw,11,10,Lillie,Pupper,Chow,0.33576100000000003,True,Samoyed,0.167173,True,Kuvasz,0.145715,True,1527,4537
748,724405726123311104,2016-04-25 01:12:38,This is Ashleigh. She's having Coachella withdrawals. Didn't even go tho. 10/10 stay strong pupper https://t.co/nRUaKWnJfH,10,10,Ashleigh,Pupper,Golden Retriever,0.240695,True,Cocker Spaniel,0.202444,True,Feather Boa,0.159348,False,1847,5800
751,724004602748780546,2016-04-23 22:38:43,This is Luther. He saw a ghost. Spooked af. 11/10 hang in there pupper https://t.co/EdKG43VvEl,11,10,Luther,Pupper,Siamese Cat,0.950526,False,Pug,0.0188769,True,Quilt,0.007627600000000002,False,1790,4561
758,721001180231503872,2016-04-15 15:44:11,This is Oliver. Bath time is upon him. His fear of the wetness postpones his ultimate pupper destiny. 11/10 https://t.co/AFzzKqR4tT,11,10,Oliver,Pupper,Samoyed,0.950053,True,Washbasin,0.00632139,False,Tub,0.00624335,False,686,2748
762,720340705894408192,2016-04-13 19:59:42,This is Derek. He just got balled on. Can't even get up. Poor thing. 10/10 hang in there pupper https://t.co/BIRRF3bcWH,10,10,Derek,Pupper,Alp,0.320126,False,Lawn Mower,0.0808077,False,Viaduct,0.065321,False,1098,3131
765,719704490224398336,2016-04-12 01:51:36,This is Clyde. He's making sure you're having a good train ride. 12/10 great pupper https://t.co/y206kWHAj0,12,10,Clyde,Pupper,Home Theater,0.05903260000000001,False,Window Shade,0.038299,False,Bathtub,0.0355282,False,1645,4974
780,717009362452090881,2016-04-04 15:22:08,This is Smokey. He's having some sort of existential crisis. 10/10 hang in there pupper https://t.co/JmgF4dMpw0,10,10,Smokey,Pupper,Siberian Husky,0.506154,True,Eskimo Dog,0.269656,True,Malamute,0.0606585,True,1102,3583
809,711968124745228288,2016-03-21 17:30:03,Meet Winston. He's trapped in a cup of coffee. Poor pupper. 10/10 someone free him https://t.co/2e6cUtKUuc,10,10,Winston,Pupper,Espresso,0.4301350000000001,False,Coffee Mug,0.418483,False,Cup,0.08839119999999999,False,2601,8776
812,711008018775851008,2016-03-19 01:54:56,This is Chuckles. He had a balloon but he accidentally let go of it and it floated away. 11/10 hang in there pupper https://t.co/68iNM7B5gW,11,10,Chuckles,Pupper,French Bulldog,0.731405,True,Boston Bull,0.150672,True,Pug,0.0218109,True,710,3275
849,707315916783140866,2016-03-08 21:23:50,This is Finnegus. He's trapped in a snow globe. Poor pupper. 10/10 would make sure no one shook it https://t.co/BjpOa52jQ4,10,10,Finnegus,Pupper,Bernese Mountain Dog,0.979235,True,Shetland Sheepdog,0.0110368,True,Appenzeller,0.00397111,True,727,2698
862,705975130514706432,2016-03-05 04:36:02,This is Adele. Her tongue flies out of her mouth at random. It's a debilitating illness. 10/10 stay strong pupper https://t.co/cfn81n3FLO,10,10,Adele,Pupper,Staffordshire Bullterrier,0.5877640000000001,True,American Staffordshire Terrier,0.281429,True,Bull Mastiff,0.0947981,True,842,3397
867,705428427625635840,2016-03-03 16:23:38,This is Ambrose. He's an Alfalfa Ballyhoo. Draws pistol fast af. Pretty much runs the frontier. 11/10 lethal pupper https://t.co/ih6epBOxIA,11,10,Ambrose,Pupper,Chihuahua,0.774792,True,Quilt,0.0730794,False,Pembroke,0.0223651,True,1931,4188
872,704859558691414016,2016-03-02 02:43:09,Here is a heartbreaking scene of an incredible pupper being laid to rest. 10/10 RIP pupper https://t.co/81mvJ0rGRu,10,10,A,Pupper,Pug,0.284428,True,Teddy,0.156339,False,Mitten,0.138915,False,612,2462
876,704347321748819968,2016-02-29 16:47:42,This is Ralphson. He's very confused. Wondering why he's sitting on Santa's lap in February. 10/10 stay woke pupper https://t.co/INphk4ltkZ,10,10,Ralphson,Pupper,Teddy,0.23337800000000006,False,Feather Boa,0.0884744,False,Brittany Spaniel,0.0829173,True,393,1729
880,703611486317502464,2016-02-27 16:03:45,Meet Scooter. He's experiencing the pupper equivalent of dropping ur phone in a toilet 10/10 put it in some rice pup https://t.co/JSmX1FIEaW,10,10,Scooter,Pupper,Pembroke,0.756441,True,Basenji,0.126621,True,Cardigan,0.08011669999999999,True,1709,4229
888,702598099714314240,2016-02-24 20:56:55,"This is Sansa. She's gotten too big for her chair. Not so smol anymore. 11/10 once a pupper, always a pupper https://t.co/IpAoztle2s",11,10,Sansa,Pupper,Kelpie,0.219179,True,Badger,0.13358399999999998,False,Siamese Cat,0.07443999999999999,False,3712,11332
895,701545186879471618,2016-02-21 23:13:01,Meet Millie. She's practicing her dive form for Rio. It's nearly perfect. Dedicated af. 10/10 go for gold pupper https://t.co/SDVkc4m96M,10,10,Millie,Pupper,Border Collie,0.280893,True,Cardigan,0.11255,True,Toy Terrier,0.0533172,True,680,2902
897,700864154249383937,2016-02-20 02:06:50,"""Pupper is a present to world. Here is a bow for pupper."" 12/10 precious as hell https://t.co/ItSsE92gCW",12,10,A,Pupper,Kuvasz,0.8058569999999999,True,Great Pyrenees,0.187272,True,Samoyed,0.0034909,True,685,2828
908,699801817392291840,2016-02-17 03:45:29,This is Cooper. He began to tear up when his bone was taken from him. 11/10 stay strong pupper https://t.co/qI8yvqKG02,11,10,Cooper,Pupper,Golden Retriever,0.808978,True,Irish Setter,0.0424281,True,Labrador Retriever,0.0235364,True,1088,3345
937,696877980375769088,2016-02-09 02:07:12,This is Misty. She's in a predicament. Not sure what next move should be. 9/10 stay calm pupper I'm comin https://t.co/XhR7PAgcwF,9,10,Misty,Pupper,Space Heater,0.20687600000000006,False,Spatula,0.12345,False,Vacuum,0.119218,False,802,2689
939,696713835009417216,2016-02-08 15:14:57,This is Trevith. He's a Swiss Mountain Roadwoof. Breeze too powerful. 9/10 stay strong pupper https://t.co/6J8Ibwy1X6,9,10,Trevith,Pupper,Car Mirror,0.379797,False,Chesapeake Bay Retriever,0.321589,True,Vizsla,0.116931,True,757,2613
945,695095422348574720,2016-02-04 04:03:57,This is just a beautiful pupper good shit evolution. 12/10 https://t.co/2L8pI0Z2Ib,12,10,Just,Pupper,Papillon,0.227784,True,Chihuahua,0.218128,True,Border Collie,0.0934574,True,684,2888
946,695074328191332352,2016-02-04 02:40:08,This is Lorenzo. He's educated af. Just graduated college. 11/10 poor pupper can't even comprehend his debt https://t.co/dH3GzcjCtQ,11,10,Lorenzo,Pupper,Shih-Tzu,0.5101060000000001,True,Tibetan Terrier,0.0719809,True,Lhasa,0.069231,True,1239,3116
951,694329668942569472,2016-02-02 01:21:07,Meet Grady. He's very hungry. Too bad no one can find his food bowl. 9/10 poor pupper https://t.co/oToIkYnEGn,9,10,Grady,Pupper,Boxer,0.99006,True,Bull Mastiff,0.00743627,True,Saint Bernard,0.00161729,True,569,2203
956,693590843962331137,2016-01-31 00:25:18,Meet Phil. He's big af. Currently destroying this nice family home. Completely uncalled for. 3/10 not a good pupper https://t.co/fShNNhBWYx,3,10,Phil,Pupper,Dining Table,0.383448,False,Grey Fox,0.103191,False,Siamese Cat,0.0982558,False,2233,5565
961,693095443459342336,2016-01-29 15:36:45,This is Milo. He doesn't understand your fancy human gestures. Will lick instead. 10/10 can't faze this pupper https://t.co/OhodPIDOpW,10,10,Milo,Pupper,Ice Lolly,0.660099,False,Neck Brace,0.039562900000000005,False,Yorkshire Terrier,0.033487800000000005,True,523,2056
962,692905862751522816,2016-01-29 03:03:25,This is Wally. He's being abducted by aliens. 10/10 poor pupper https://t.co/EiF659Bgjn,10,10,Wally,Pupper,Mexican Hairless,0.162638,True,Doberman,0.15628699999999998,True,Rhodesian Ridgeback,0.0814778,True,998,2683
967,692417313023332352,2016-01-27 18:42:06,Meet Herschel. He's slightly bigger than ur average pupper. Looks lonely. Could probably ride 7/10 would totally pet https://t.co/VGaIMktX10,7,10,Herschel,Pupper,Bison,0.208922,False,Mink,0.169945,False,Polecat,0.144494,False,3917,10275
988,689905486972461056,2016-01-20 20:21:00,"Say hello to Gizmo. He's quite the pupper. Confused by bed, but agile af. Can barely catch on camera. 11/10 so quick https://t.co/IE4ZblyZRY",11,10,Gizmo,Pupper,Pomeranian,0.943331,True,Shetland Sheepdog,0.0236751,True,Chow,0.00716495,True,787,2651
993,689623661272240129,2016-01-20 01:41:08,This is Lucy. She's terrified of the stuffed billed dog. 10/10 stay strong pupper https://t.co/QnvSjjyh7n,10,10,Lucy,Pupper,Toy Poodle,0.279604,True,Mashed Potato,0.208564,False,Labrador Retriever,0.07748089999999999,True,748,2467
998,689143371370250240,2016-01-18 17:52:38,Meet Trip. He likes wearing costumes that aren't consistent with the season to screw with people 10/10 tricky pupper https://t.co/40w7TI5Axv,10,10,Trip,Pupper,English Springer,0.303781,True,Papillon,0.165132,True,Welsh Springer Spaniel,0.149051,True,579,2232
1000,688894073864884227,2016-01-18 01:22:00,This is Hamrick. He's covered in corn flakes. Silly pupper. Looks congested. 7/10 considerably petable https://t.co/ROPZcAMQKI,7,10,Hamrick,Pupper,Hog,0.669996,False,Guinea Pig,0.077347,False,Hamster,0.0623982,False,792,2462
1006,688179443353796608,2016-01-16 02:02:19,This is Lizzie. She's about to fist bump the large ridable maned pupper. She's very excited. 10/10 for both dogs https://t.co/mFhvtX36om,10,10,Lizzie,Pupper,Sorrel,0.81152,False,Horse Cart,0.0248201,False,Arabian Camel,0.0151553,False,669,2328
1010,687704180304273409,2016-01-14 18:33:48,Say hello to Blakely. He thinks that's a hat. Silly pupper. That's a nanner. 9/10 https://t.co/UwOV1jqKRt,9,10,Blakely,Pupper,Miniature Pinscher,0.956063,True,Toy Terrier,0.0122306,True,Chihuahua,0.00539748,True,950,2660
1013,687476254459715584,2016-01-14 03:28:06,This is Curtis. He's a fluffball. 11/10 would snug this pupper https://t.co/1DzInODwrj,11,10,Curtis,Pupper,Wood Rabbit,0.702725,False,Angora,0.190659,False,Hare,0.105072,False,619,2187
1020,686683045143953408,2016-01-11 22:56:10,This is Mona. She's a Yarborough Splishnsplash. Lost body during Nam. 11/10 revolutionary pupper https://t.co/pgD6h0yhgz,11,10,Mona,Pupper,Norwich Terrier,0.100499,True,Cocker Spaniel,0.0806711,True,Golden Retriever,0.0794062,True,912,3072
1021,686618349602762752,2016-01-11 18:39:05,This is Olivia. She just saw an adult wearing crocs. 11/10 poor pupper. No one should witness such a thing https://t.co/yJVTi1DjJc,11,10,Olivia,Pupper,Rottweiler,0.441331,True,Miniature Pinscher,0.23318000000000005,True,Gordon Setter,0.093582,True,1544,4042
1024,686377065986265092,2016-01-11 02:40:19,Meet Birf. He thinks he's gone blind. 10/10 very frightened pupper https://t.co/oDkspjNWYX,10,10,Birf,Pupper,German Shepherd,0.830816,True,Leonberg,0.0763252,True,Bloodhound,0.0374486,True,637,2433
1028,685943807276412928,2016-01-09 21:58:42,This is the newly formed pupper a capella group. They're just starting out but I see tons of potential. 8/10 for all https://t.co/wbAcvFoNtn,8,10,The,Pupper,Papillon,0.200812,True,Toy Terrier,0.114512,True,Cardigan,0.0945196,True,696,1801
1030,685667379192414208,2016-01-09 03:40:16,This is Marty. He has no idea what happened here. Never seen this stuff in his life. 9/10 very suspicious pupper https://t.co/u427woxFpJ,9,10,Marty,Pupper,Sliding Door,0.344526,False,Doormat,0.190027,False,Washbasin,0.0463264,False,666,2579
1032,685641971164143616,2016-01-09 01:59:19,This is Otis. He just passed a cop while going 61 in a 45. Very nervous pupper. 7/10 https://t.co/jJS8qQeuNO,7,10,Otis,Pupper,Lakeland Terrier,0.253839,True,Airedale,0.213349,True,Three-Toed Sloth,0.0838341,False,885,3218
1034,685307451701334016,2016-01-08 03:50:03,Say hello to Petrick. He's an Altostratus Floofer. Just had a run in with a trash bag. Groovy checkered floor. 11/10 https://t.co/rwW7z1JAOF,11,10,Petrick,Floofer,Pomeranian,0.963176,True,Shetland Sheepdog,0.0194683,True,Keeshond,0.00860493,True,496,2262
1035,685268753634967552,2016-01-08 01:16:17,This is Hubertson. He's a Carmel Haberdashery. Enjoys long summer days on his boat. Very peaceful pupper. 10/10 https://t.co/vzCl35fKlZ,10,10,Hubertson,Pupper,Pug,0.999044,True,Norwegian Elkhound,0.000546586,True,Bull Mastiff,0.000235195,True,1371,3419
1037,685169283572338688,2016-01-07 18:41:01,Meet Gerbald. He just found out he's adopted. Poor pupper. Snazzy tongue tho. 11/10 would hold close in time of need https://t.co/UfGkB9Wrud,11,10,Gerbald,Pupper,Bernese Mountain Dog,0.975096,True,Appenzeller,0.0145781,True,Entlebucher,0.00594348,True,1620,4489
1056,683481228088049664,2016-01-03 02:53:17,Meet Banjo. He's a Peppercorn Shoop Da Whoop. Nails look lethal. Skeptical of luminescent orb 11/10 stay woke pupper https://t.co/H7NZFumpKq,11,10,Banjo,Pupper,Keeshond,0.508951,True,Chow,0.442016,True,German Shepherd,0.013206,True,1118,2878
1058,683142553609318400,2016-01-02 04:27:31,Meet Brandy. She's a member of the Bloods. Menacing criminal pupper. Soft spot for flowers tho. 9/10 pet w caution https://t.co/hhIA3coiAJ,9,10,Brandy,Pupper,Leonberg,0.605851,True,Chow,0.18347,True,German Shepherd,0.0796619,True,1173,3162
1059,683111407806746624,2016-01-02 02:23:45,This is Larry. He thought the New Year's parties were tonight. 10/10 poor pupper. Maybe next year https://t.co/h3X0jK8MVM,10,10,Larry,Pupper,Cocker Spaniel,0.901392,True,Soft-Coated Wheaten Terrier,0.0286048,True,Miniature Schnauzer,0.0178054,True,1034,3736
1064,682406705142087680,2015-12-31 03:43:31,This is Patrick. He's a bigass pupper. 7/10 https://t.co/J9DXBFoAQe,7,10,Patrick,Pupper,Wombat,0.709344,False,Koala,0.169758,False,Beaver,0.0794334,False,2019,8319
1073,681891461017812993,2015-12-29 17:36:07,Say hello to Charlie. He's scholarly af. Quite intimidating with all his pupper knowledge 10/10 even built that fire https://t.co/9KThv6z8u5,10,10,Charlie,Pupper,Chihuahua,0.20357,True,Doormat,0.13431600000000002,False,Toy Terrier,0.0844823,True,951,2706
1074,681694085539872773,2015-12-29 04:31:49,This is Bo. He's a Benedoop Cumbersnatch. Seems frustrated with own feet. Portable as hell. 11/10 very solid pupper https://t.co/TONMhRoQh7,11,10,Bo,Pupper,Toy Poodle,0.920992,True,Miniature Poodle,0.0608572,True,Maltese Dog,0.00606372,True,4581,14010
1075,681654059175129088,2015-12-29 01:52:46,This is Toffee. He's a happy pupper. Appears dangerously fluffy. Extraordinarily spherical. 12/10 would pet firmly https://t.co/oEXEKt3MHu,12,10,Toffee,Pupper,Pomeranian,0.800538,True,Chow,0.146892,True,Pekinese,0.0376125,True,1045,2903
1091,680836378243002368,2015-12-26 19:43:36,This is Ellie. She's secretly ferocious. 12/10 very deadly pupper https://t.co/BF4BW8LUgb,12,10,Ellie,Pupper,Pembroke,0.427781,True,Shetland Sheepdog,0.160669,True,Pomeranian,0.11125,True,1513,3766
1096,680473011644985345,2015-12-25 19:39:43,"This is Hector. He thinks he's a hammer. Silly Hector. You're a pupper, not a hammer. 10/10 https://t.co/OdUFuZIXiI",10,10,Hector,Pupper,Lakeland Terrier,0.796694,True,West Highland White Terrier,0.138709,True,Norwich Terrier,0.016253399999999998,True,844,2778
1100,680145970311643136,2015-12-24 22:00:10,Say hello to Kawhi. He was doing fine until his hat fell off. He got it back though. 10/10 deep breaths pupper https://t.co/N5pM6WBx7e,10,10,Kawhi,Pupper,Miniature Poodle,0.457117,True,Toy Poodle,0.226481,True,Maltese Dog,0.0676815,True,1972,3955
1109,679777920601223168,2015-12-23 21:37:40,This is Rinna. She's melting. 10/10 get inside pupper https://t.co/PA0czwucsb,10,10,Rinna,Pupper,Bloodhound,0.5288189999999999,True,Bull Mastiff,0.420119,True,French Bulldog,0.00948059,True,1281,3390
1114,679503373272485890,2015-12-23 03:26:43,This is Dwight. He's a pointy pupper. Very docile. Attracts marshmallows. Hurts to pet but definitely worth it 8/10 https://t.co/jjW7zTxY9Z,8,10,Dwight,Pupper,Porcupine,0.999846,False,Meerkat,7.191479999999999e-05,False,Echidna,4.44729e-05,False,1673,3484
1131,678389028614488064,2015-12-20 01:38:42,"This is Bella. She just learned that her final grade in chem was a 92.49 
poor pupper 11/10 https://t.co/auOoKuoveM",11,10,Bella,Pupper,Miniature Pinscher,0.516284,True,Kelpie,0.227402,True,Vizsla,0.103246,True,473,2044
1145,677269281705472000,2015-12-16 23:29:14,This is the happiest pupper I've ever seen. 10/10 would trade lives with https://t.co/ep8ATEJwRb,10,10,The,Pupper,Shetland Sheepdog,0.656616,True,Collie,0.195405,True,German Shepherd,0.0131032,True,790,2164
1153,676603393314578432,2015-12-15 03:23:14,This is Godzilla pupper. He had a ruff childhood &amp; now deflects that pain outward by terrorizing cities. Tragic 9/10 https://t.co/g1tLGkyaxr,9,10,Godzilla,Pupper,Whippet,0.8770209999999999,True,Great Dane,0.0341819,True,Boxer,0.028404,True,440,1280
1164,675845657354215424,2015-12-13 01:12:15,"This is Pepper. She's not fully comfortable riding her imaginary bike yet. 10/10 don't worry pupper, it gets easier https://t.co/40dj4eTsXG",10,10,Pepper,Pupper,Pug,0.8839520000000001,True,Boston Bull,0.0110568,True,French Bulldog,0.00983981,True,1000,2477
1177,675113801096802304,2015-12-11 00:44:07,Meet Zuzu. He just graduated college. Astute pupper. Needs 2 leashes to contain him. Wasn't ready for the pic. 10/10 https://t.co/2H5SKmk0k7,10,10,Zuzu,Pupper,Bow,0.16802,False,Quill,0.108807,False,Joystick,0.0433118,False,877,2120
1182,675006312288268288,2015-12-10 17:37:00,Say hello to Mollie. This pic was taken after she bet all her toys on Ronda Rousey. 10/10 hang in there pupper https://t.co/QMmAqA9VqO,10,10,Mollie,Pupper,Boxer,0.654697,True,Space Heater,0.043388800000000005,False,Beagle,0.0428476,True,252,1057
1186,674774481756377088,2015-12-10 02:15:47,This is Superpup. His head isn't proportional to his body. Has yet to serve any justice. 11/10 maybe one day pupper https://t.co/gxIFgg8ktm,11,10,Superpup,Pupper,Chihuahua,0.407016,True,French Bulldog,0.30997800000000003,True,Siamese Cat,0.227677,False,532,1213
1188,674737130913071104,2015-12-09 23:47:22,Meet Rufio. He is unaware of the pink legless pupper wrapped around him. Might want to get that checked 10/10 &amp; 4/10 https://t.co/KNfLnYPmYh,10,10,Rufio,Pupper,Pomeranian,0.948537,True,Schipperke,0.0143099,True,Chihuahua,0.00812024,True,103,693
1199,674318007229923329,2015-12-08 20:01:55,This is Lennon. He's in quite the predicament. 8/10 hang in there pupper https://t.co/7mf8XXPAZv,8,10,Lennon,Pupper,Porcupine,0.846628,False,Hamster,0.0381361,False,Echidna,0.0146804,False,570,1516
1203,674262580978937856,2015-12-08 16:21:41,This is Gus. He's super stoked about being an elephant. Couldn't be happier. 9/10 for elephant pupper https://t.co/gJS1qU0jP7,9,10,Gus,Pupper,Greater Swiss Mountain Dog,0.519428,True,Boxer,0.1215,True,Staffordshire Bullterrier,0.114498,True,498,1391
1210,674038233588723717,2015-12-08 01:30:12,This is Kaiya. She's an aspiring shoe model. 12/10 follow your dreams pupper https://t.co/nX8FiGRHvk,12,10,Kaiya,Pupper,Eskimo Dog,0.358459,True,Norwegian Elkhound,0.206963,True,Malamute,0.14823599999999998,True,456,1176
1214,673956914389192708,2015-12-07 20:07:04,This is one esteemed pupper. Just graduated college. 10/10 what a champ https://t.co/nyReCVRiyd,10,10,One,Pupper,Pug,0.5861609999999999,True,Brabancon Griffon,0.0827437,True,Chihuahua,0.0458777,True,1069,2091
1215,673919437611909120,2015-12-07 17:38:09,This is Obie. He is on guard watching for evildoers from the comfort of his pumpkin. Very brave pupper. 11/10 https://t.co/cdwPTsGEAb,11,10,Obie,Pupper,Jack-O'-Lantern,0.172079,False,Schipperke,0.115984,True,Miniature Pinscher,0.052175,True,401,1251
1218,673707060090052608,2015-12-07 03:34:14,This is Raymond. He's absolutely terrified of floating tennis ball. 10/10 it'll be ok pupper https://t.co/QyH1CaY3SM,10,10,Raymond,Pupper,German Short-Haired Pointer,0.935771,True,Kelpie,0.022561,True,Labrador Retriever,0.00884665,True,434,1177
1220,673697980713705472,2015-12-07 02:58:09,This is Pickles. She's a tiny pointy pupper. Average walker. Very skeptical of wet leaf. 8/10 https://t.co/lepRCaGcgw,8,10,Pickles,Pupper,Porcupine,0.151876,False,Hen,0.11138,False,Doormat,0.0589337,False,2165,4067
1225,673656262056419329,2015-12-07 00:12:23,This is Albert AKA King Banana Peel. He's a kind ruler of the kitchen. Very jubilant pupper. 10/10 overall great dog https://t.co/PN8hxgZ9We,10,10,Albert,Pupper,Bull Mastiff,0.700625,True,Rhodesian Ridgeback,0.0946977,True,Brabancon Griffon,0.0575594,True,265,769
1227,673612854080196609,2015-12-06 21:19:54,This is Jeffri. He's a speckled ice pupper. Very lazy. Enjoys the occasional swim. Rather majestic really. 7/10 https://t.co/0iyItbtkr8,7,10,Jeffri,Pupper,Newfoundland,0.223101,True,Leonberg,0.111106,True,Shovel,0.0856263,False,802,1691
1233,673342308415348736,2015-12-06 03:24:51,This is Django. He's a skilled assassin pupper. 10/10 https://t.co/w0YTuiRd1a,10,10,Django,Pupper,Ski Mask,0.981017,False,Chihuahua,0.013559200000000002,True,Kelpie,0.00065218,True,649,1362
1235,673295268553605120,2015-12-06 00:17:55,Meet Eve. She's a raging alcoholic 8/10 (would b 11/10 but pupper alcoholism is a tragic issue that I can't condone) https://t.co/U36HYQIijg,8,10,Eve,Pupper,Golden Retriever,0.889241,True,Labrador Retriever,0.06468330000000001,True,Great Pyrenees,0.0126126,True,3484,8046
1238,673148804208660480,2015-12-05 14:35:56,This is Fletcher. He's had a ruff night. No more Fireball for Fletcher. 8/10 it'll be over soon pupper https://t.co/tA4WpkI2cw,8,10,Fletcher,Pupper,Tub,0.8730100000000001,False,Bathtub,0.0914341,False,Toilet Seat,0.0254563,False,688,1822
1241,672988786805112832,2015-12-05 04:00:04,This is Schnozz. He's had a blurred tail since birth. Hasn't let that stop him. 10/10 inspirational pupper https://t.co/a3zYMcvbXG,10,10,Schnozz,Pupper,Lakeland Terrier,0.8366319999999999,True,West Highland White Terrier,0.07389960000000001,True,Wire-Haired Fox Terrier,0.0381601,True,314,1039
1242,672975131468300288,2015-12-05 03:05:49,This is Chuckles. He is one skeptical pupper. 10/10 stay woke Chuckles https://t.co/ZlcF0TIRW1,10,10,Chuckles,Pupper,Pug,0.8364209999999999,True,Brabancon Griffon,0.044667800000000014,True,French Bulldog,0.0365705,True,1015,1813
1243,672970152493887488,2015-12-05 02:46:02,This is Chet. He's having a hard time. Really struggling. 7/10 hang in there pupper https://t.co/eb4ta0xtnd,7,10,Chet,Pupper,Leaf Beetle,0.340154,False,Rhinoceros Beetle,0.139698,False,Crayfish,0.05803360000000001,False,391,1019
1247,672898206762672129,2015-12-04 22:00:08,This is Cheryl AKA Queen Pupper of the Skies. Experienced fighter pilot. Much skill. True hero. 11/10 https://t.co/i4XJEWwdsp,11,10,Cheryl,Pupper,Motor Scooter,0.8358190000000001,False,Bobsled,0.035856300000000015,False,Moped,0.033079000000000004,False,459,944
1252,672614745925664768,2015-12-04 03:13:46,This is Norman. Doesn't bark much. Very docile pup. Up to date on current events. Overall nifty pupper. 6/10 https://t.co/ntxsR98f3U,6,10,Norman,Pupper,Starfish,0.712717,False,Goldfish,0.258865,False,Sea Cucumber,0.00201543,False,644,1302
1255,672594978741354496,2015-12-04 01:55:13,Meet Scott. Just trying to catch his train to work. Doesn't need everybody staring. 9/10 ignore the haters pupper https://t.co/jyXbZ35MYz,9,10,Scott,Pupper,Great Pyrenees,0.755945,True,Old English Sheepdog,0.0823368,True,Afghan Hound,0.0270366,True,661,1411
1260,672481316919734272,2015-12-03 18:23:34,Say hello to Jazz. She should be on the cover of Vogue. 12/10 gorgeous pupper https://t.co/mVCMemhXAP,12,10,Jazz,Pupper,Border Collie,0.599454,True,Collie,0.106227,True,Shetland Sheepdog,0.0944649,True,137,757
1265,672254177670729728,2015-12-03 03:21:00,This is Rolf. He's having the time of his life. 11/10 good pupper https://t.co/OO6MqEbqG3,11,10,Rolf,Pupper,Pug,0.979487,True,French Bulldog,0.0168504,True,Norwegian Elkhound,0.00161754,True,800,1515
1269,672205392827572224,2015-12-03 00:07:09,This is Opal. He's a Royal John Coctostan. Ready for transport. Basically indestructible. 9/10 good pupper https://t.co/yRBQF9OS7D,9,10,Opal,Pupper,Carton,0.952613,False,Crate,0.0353762,False,Pug,0.00326691,True,1270,2414
1271,672160042234327040,2015-12-02 21:06:56,This is Bubba. He's a Titted Peebles Aorta. Evolutionary masterpiece. Comfortable with his body. 8/10 great pupper https://t.co/aNkkl5nH3W,8,10,Bubba,Pupper,Pug,0.561027,True,French Bulldog,0.222114,True,Labrador Retriever,0.0654556,True,395,918
